{"count":1,"self":362.91558399999997,"total":954.8784261,"children":{"InitializeActuators":{"count":1,"self":0.0020523,"total":0.0020523,"children":null},"InitializeSensors":{"count":1,"self":0.0027202,"total":0.0027202,"children":null},"AgentSendState":{"count":672234,"self":2.3761048,"total":4.9353121999999994,"children":{"CollectObservations":{"count":67224,"self":0.3199303,"total":0.3199303,"children":null},"WriteActionMask":{"count":67224,"self":0.075700999999999991,"total":0.075700999999999991,"children":null},"RequestDecision":{"count":67224,"self":0.48138119999999995,"total":2.1635762,"children":{"AgentInfo.ToProto":{"count":67224,"self":0.64778689999999994,"total":1.6821949999999999,"children":{"GenerateSensorData":{"count":67224,"self":1.0344081,"total":1.0344081,"children":null}}}}}}},"DecideAction":{"count":672234,"self":582.5531904,"total":582.5531839,"children":null},"AgentAct":{"count":672234,"self":4.3162948,"total":4.4690617,"children":{"AgentInfo.ToProto":{"count":8250,"self":0.059535199999999996,"total":0.152767,"children":{"GenerateSensorData":{"count":8250,"self":0.09323179999999999,"total":0.09323179999999999,"children":null}}}}}},"gauges":{"RollerBall.CumulativeReward":{"count":8250,"max":2,"min":0,"runningAverage":0.983635366,"value":2,"weightedAverage":1.29604721}},"metadata":{"timer_format_version":"0.1.0","start_time_seconds":"1677199716","unity_version":"2022.1.8f1","command_line_arguments":"C:\\Program Files\\Unity\\Hub\\Editor\\2022.1.8f1\\Editor\\Unity.exe -projectpath C:\\Users\\Sam DeCook\\RL-RollerBall -useHub -hubIPC -cloudEnvironment production","communication_protocol_version":"1.5.0","com.unity.ml-agents_version":"2.3.0-exp.4","scene_name":"SampleScene","end_time_seconds":"1677200671"}}